,站點,城市,aqi,狀態,pm25
0,麥寮,雲林縣,49.0,良好,14.0
1,關山,臺東縣,26.0,良好,8.0
2,馬公,澎湖縣,36.0,良好,11.0
3,金門,金門縣,42.0,良好,13.0
4,馬祖,連江縣,69.0,普通,23.0
5,埔里,南投縣,59.0,普通,19.0
6,復興,高雄市,72.0,普通,24.0
7,永和,新北市,26.0,良好,3.0
8,竹山,南投縣,57.0,普通,18.0
9,中壢,桃園市,25.0,良好,4.0
10,三重,新北市,35.0,良好,5.0
11,冬山,宜蘭縣,27.0,良好,2.0
12,宜蘭,宜蘭縣,24.0,良好,3.0
13,陽明,臺北市,31.0,良好,1.0
14,花蓮,花蓮縣,17.0,良好,5.0
15,臺東,臺東縣,22.0,良好,3.0
16,恆春,屏東縣,34.0,良好,1.0
17,潮州,屏東縣,94.0,普通,33.0
18,屏東,屏東縣,84.0,普通,29.0
19,小港,高雄市,89.0,普通,31.0
20,前鎮,高雄市,72.0,普通,24.0
21,前金,高雄市,84.0,普通,29.0
22,左營,高雄市,99.0,普通,35.0
23,楠梓,高雄市,74.0,普通,25.0
24,林園,高雄市,77.0,普通,26.0
25,大寮,高雄市,77.0,普通,26.0
26,鳳山,高雄市,84.0,普通,29.0
27,仁武,高雄市,87.0,普通,30.0
28,橋頭,高雄市,74.0,普通,25.0
29,美濃,高雄市,99.0,普通,35.0
30,臺南,臺南市,59.0,普通,19.0
31,安南,臺南市,52.0,普通,16.0
32,善化,臺南市,54.0,普通,17.0
33,新營,臺南市,41.0,良好,12.0
34,嘉義,嘉義市,62.0,普通,20.0
35,臺西,雲林縣,42.0,良好,13.0
36,朴子,嘉義縣,49.0,良好,15.0
37,新港,嘉義縣,39.0,良好,12.0
38,崙背,雲林縣,49.0,良好,15.0
39,斗六,雲林縣,45.0,良好,14.0
40,南投,南投縣,57.0,普通,18.0
41,二林,彰化縣,25.0,良好,3.0
42,線西,彰化縣,36.0,良好,11.0
43,彰化,彰化縣,29.0,良好,9.0
44,西屯,臺中市,24.0,良好,7.0
45,忠明,臺中市,23.0,良好,5.0
46,大里,臺中市,25.0,良好,7.0
47,沙鹿,臺中市,21.0,良好,5.0
48,豐原,臺中市,23.0,良好,7.0
49,三義,苗栗縣,19.0,良好,2.0
50,苗栗,苗栗縣,20.0,良好,5.0
51,頭份,苗栗縣,23.0,良好,7.0
52,新竹,新竹市,25.0,良好,3.0
53,竹東,新竹縣,26.0,良好,8.0
54,湖口,新竹縣,29.0,良好,7.0
55,龍潭,桃園市,25.0,良好,5.0
56,平鎮,桃園市,26.0,良好,5.0
57,觀音,桃園市,29.0,良好,9.0
58,大園,桃園市,25.0,良好,4.0
59,桃園,桃園市,26.0,良好,4.0
60,大同,臺北市,29.0,良好,3.0
61,松山,臺北市,25.0,良好,5.0
62,古亭,臺北市,26.0,良好,7.0
63,萬華,臺北市,26.0,良好,6.0
64,中山,臺北市,27.0,良好,5.0
65,士林,臺北市,26.0,良好,6.0
66,淡水,新北市,25.0,良好,7.0
67,林口,新北市,36.0,良好,11.0
68,菜寮,新北市,25.0,良好,5.0
69,新莊,新北市,25.0,良好,2.0
70,板橋,新北市,17.0,良好,2.0
71,土城,新北市,25.0,良好,4.0
72,新店,新北市,29.0,良好,9.0
73,萬里,新北市,34.0,良好,3.0
74,汐止,新北市,23.0,良好,6.0
75,基隆,基隆市,30.0,良好,3.0
76,麥寮,雲林縣,48.0,良好,14.0
77,關山,臺東縣,26.0,良好,8.0
78,馬公,澎湖縣,36.0,良好,11.0
79,金門,金門縣,42.0,良好,13.0
80,馬祖,連江縣,69.0,普通,23.0
81,埔里,南投縣,59.0,普通,19.0
82,復興,高雄市,74.0,普通,25.0
83,永和,新北市,26.0,良好,3.0
84,竹山,南投縣,57.0,普通,18.0
85,中壢,桃園市,25.0,良好,4.0
86,三重,新北市,35.0,良好,5.0
87,冬山,宜蘭縣,27.0,良好,1.0
88,宜蘭,宜蘭縣,24.0,良好,3.0
89,陽明,臺北市,31.0,良好,1.0
90,花蓮,花蓮縣,21.0,良好,5.0
91,臺東,臺東縣,23.0,良好,3.0
92,恆春,屏東縣,34.0,良好,1.0
93,潮州,屏東縣,94.0,普通,33.0
94,屏東,屏東縣,87.0,普通,30.0
95,小港,高雄市,89.0,普通,31.0
96,前鎮,高雄市,72.0,普通,24.0
97,前金,高雄市,84.0,普通,29.0
98,左營,高雄市,101.0,不良（敏感族群）,36.0
99,楠梓,高雄市,74.0,普通,25.0
100,林園,高雄市,79.0,普通,27.0
101,大寮,高雄市,79.0,普通,27.0
102,鳳山,高雄市,84.0,普通,29.0
103,仁武,高雄市,89.0,普通,31.0
104,橋頭,高雄市,77.0,普通,26.0
105,美濃,高雄市,99.0,普通,35.0
106,臺南,臺南市,59.0,普通,19.0
107,安南,臺南市,52.0,普通,16.0
108,善化,臺南市,57.0,普通,18.0
109,新營,臺南市,41.0,良好,12.0
110,嘉義,嘉義市,64.0,普通,21.0
111,臺西,雲林縣,42.0,良好,13.0
112,朴子,嘉義縣,45.0,良好,14.0
113,新港,嘉義縣,39.0,良好,12.0
114,崙背,雲林縣,49.0,良好,15.0
115,斗六,雲林縣,49.0,良好,15.0
116,南投,南投縣,57.0,普通,18.0
117,二林,彰化縣,25.0,良好,4.0
118,線西,彰化縣,36.0,良好,11.0
119,彰化,彰化縣,26.0,良好,8.0
120,西屯,臺中市,30.0,良好,8.0
121,忠明,臺中市,28.0,良好,6.0
122,大里,臺中市,25.0,良好,7.0
123,沙鹿,臺中市,26.0,良好,5.0
124,豐原,臺中市,25.0,良好,7.0
125,三義,苗栗縣,24.0,良好,2.0
126,苗栗,苗栗縣,25.0,良好,5.0
127,頭份,苗栗縣,25.0,良好,7.0
128,新竹,新竹市,25.0,良好,3.0
129,竹東,新竹縣,26.0,良好,8.0
130,湖口,新竹縣,30.0,良好,7.0
131,龍潭,桃園市,25.0,良好,5.0
132,平鎮,桃園市,27.0,良好,5.0
133,觀音,桃園市,26.0,良好,8.0
134,大園,桃園市,25.0,良好,4.0
135,桃園,桃園市,26.0,良好,4.0
136,大同,臺北市,29.0,良好,3.0
137,松山,臺北市,25.0,良好,5.0
138,古亭,臺北市,26.0,良好,8.0
139,萬華,臺北市,26.0,良好,6.0
140,中山,臺北市,27.0,良好,5.0
141,士林,臺北市,26.0,良好,6.0
142,淡水,新北市,26.0,良好,7.0
143,林口,新北市,36.0,良好,11.0
144,菜寮,新北市,25.0,良好,5.0
145,新莊,新北市,25.0,良好,2.0
146,板橋,新北市,17.0,良好,3.0
147,土城,新北市,25.0,良好,4.0
148,新店,新北市,29.0,良好,9.0
149,萬里,新北市,34.0,良好,2.0
150,汐止,新北市,23.0,良好,5.0
151,基隆,基隆市,30.0,良好,3.0
152,麥寮,雲林縣,48.0,良好,14.0
153,關山,臺東縣,26.0,良好,8.0
154,馬公,澎湖縣,36.0,良好,11.0
155,金門,金門縣,45.0,良好,14.0
156,馬祖,連江縣,69.0,普通,23.0
157,埔里,南投縣,59.0,普通,19.0
158,復興,高雄市,79.0,普通,27.0
159,永和,新北市,26.0,良好,3.0
160,竹山,南投縣,57.0,普通,18.0
161,中壢,桃園市,25.0,良好,4.0
162,三重,新北市,35.0,良好,5.0
163,冬山,宜蘭縣,27.0,良好,2.0
164,臺東,臺東縣,24.0,良好,3.0
165,恆春,屏東縣,35.0,良好,1.0
166,潮州,屏東縣,97.0,普通,34.0
167,屏東,屏東縣,92.0,普通,32.0
168,小港,高雄市,89.0,普通,31.0
169,前鎮,高雄市,74.0,普通,25.0
170,前金,高雄市,84.0,普通,29.0
171,左營,高雄市,103.0,不良（敏感族群）,37.0
172,楠梓,高雄市,74.0,普通,25.0
173,林園,高雄市,79.0,普通,27.0
174,大寮,高雄市,79.0,普通,27.0
175,鳳山,高雄市,84.0,普通,29.0
176,仁武,高雄市,92.0,普通,32.0
177,橋頭,高雄市,77.0,普通,26.0
178,美濃,高雄市,99.0,普通,35.0
179,臺南,臺南市,59.0,普通,19.0
180,安南,臺南市,49.0,良好,15.0
181,善化,臺南市,57.0,普通,18.0
182,新營,臺南市,42.0,良好,13.0
183,嘉義,嘉義市,64.0,普通,21.0
184,臺西,雲林縣,45.0,良好,14.0
185,朴子,嘉義縣,49.0,良好,15.0
186,新港,嘉義縣,42.0,良好,13.0
187,崙背,雲林縣,49.0,良好,15.0
188,斗六,雲林縣,49.0,良好,15.0
189,南投,南投縣,57.0,普通,18.0
190,二林,彰化縣,30.0,良好,4.0
191,線西,彰化縣,36.0,良好,11.0
192,彰化,彰化縣,32.0,良好,9.0
193,西屯,臺中市,36.0,良好,8.0
194,忠明,臺中市,34.0,良好,6.0
195,大里,臺中市,31.0,良好,8.0
196,沙鹿,臺中市,31.0,良好,6.0
197,豐原,臺中市,31.0,良好,7.0
198,三義,苗栗縣,30.0,良好,3.0
199,苗栗,苗栗縣,27.0,良好,5.0
200,頭份,苗栗縣,26.0,良好,7.0
201,新竹,新竹市,26.0,良好,3.0
202,竹東,新竹縣,26.0,良好,8.0
203,湖口,新竹縣,30.0,良好,7.0
204,龍潭,桃園市,25.0,良好,5.0
205,平鎮,桃園市,27.0,良好,5.0
206,觀音,桃園市,26.0,良好,8.0
207,大園,桃園市,26.0,良好,5.0
208,桃園,桃園市,26.0,良好,4.0
209,大同,臺北市,29.0,良好,3.0
210,松山,臺北市,25.0,良好,5.0
211,古亭,臺北市,26.0,良好,8.0
212,萬華,臺北市,26.0,良好,7.0
213,中山,臺北市,27.0,良好,5.0
214,士林,臺北市,27.0,良好,6.0
215,淡水,新北市,27.0,良好,7.0
216,林口,新北市,36.0,良好,11.0
217,菜寮,新北市,25.0,良好,5.0
218,新莊,新北市,26.0,良好,2.0
219,宜蘭,宜蘭縣,24.0,良好,3.0
220,陽明,臺北市,31.0,良好,1.0
221,花蓮,花蓮縣,25.0,良好,6.0
222,板橋,新北市,18.0,良好,3.0
223,新店,新北市,29.0,良好,9.0
224,萬里,新北市,34.0,良好,3.0
225,汐止,新北市,23.0,良好,5.0
226,基隆,基隆市,30.0,良好,4.0
227,土城,新北市,25.0,良好,4.0
228,麥寮,雲林縣,48.0,良好,14.0
229,關山,臺東縣,26.0,良好,8.0
230,馬公,澎湖縣,36.0,良好,11.0
231,金門,金門縣,45.0,良好,14.0
232,馬祖,連江縣,69.0,普通,23.0
233,埔里,南投縣,62.0,普通,20.0
234,復興,高雄市,79.0,普通,27.0
235,永和,新北市,26.0,良好,3.0
236,竹山,南投縣,57.0,普通,18.0
237,中壢,桃園市,25.0,良好,4.0
238,三重,新北市,35.0,良好,5.0
239,冬山,宜蘭縣,27.0,良好,2.0
240,宜蘭,宜蘭縣,25.0,良好,3.0
241,陽明,臺北市,33.0,良好,1.0
242,花蓮,花蓮縣,29.0,良好,6.0
243,臺東,臺東縣,25.0,良好,3.0
244,恆春,屏東縣,36.0,良好,1.0
245,潮州,屏東縣,94.0,普通,33.0
246,屏東,屏東縣,94.0,普通,33.0
247,小港,高雄市,89.0,普通,31.0
248,前鎮,高雄市,77.0,普通,26.0
249,前金,高雄市,84.0,普通,29.0
250,左營,高雄市,103.0,不良（敏感族群）,37.0
251,楠梓,高雄市,74.0,普通,25.0
252,林園,高雄市,82.0,普通,28.0
253,大寮,高雄市,79.0,普通,27.0
254,鳳山,高雄市,87.0,普通,30.0
255,仁武,高雄市,94.0,普通,33.0
256,橋頭,高雄市,74.0,普通,25.0
257,美濃,高雄市,99.0,普通,35.0
258,臺南,臺南市,59.0,普通,19.0
259,安南,臺南市,45.0,良好,14.0
260,善化,臺南市,57.0,普通,18.0
261,新營,臺南市,42.0,良好,13.0
262,嘉義,嘉義市,67.0,普通,22.0
263,臺西,雲林縣,43.0,良好,13.0
264,朴子,嘉義縣,49.0,良好,15.0
265,新港,嘉義縣,42.0,良好,13.0
266,崙背,雲林縣,49.0,良好,15.0
267,斗六,雲林縣,49.0,良好,15.0
268,南投,南投縣,59.0,普通,19.0
269,二林,彰化縣,34.0,良好,4.0
270,線西,彰化縣,36.0,良好,11.0
271,彰化,彰化縣,36.0,良好,9.0
272,西屯,臺中市,40.0,良好,9.0
273,忠明,臺中市,39.0,良好,7.0
274,大里,臺中市,39.0,良好,9.0
275,沙鹿,臺中市,35.0,良好,6.0
276,豐原,臺中市,37.0,良好,7.0
277,三義,苗栗縣,34.0,良好,3.0
278,苗栗,苗栗縣,29.0,良好,5.0
279,頭份,苗栗縣,29.0,良好,7.0
280,新竹,新竹市,27.0,良好,3.0
281,竹東,新竹縣,26.0,良好,8.0
282,湖口,新竹縣,31.0,良好,7.0
283,龍潭,桃園市,25.0,良好,5.0
284,平鎮,桃園市,27.0,良好,5.0
285,觀音,桃園市,26.0,良好,8.0
286,大園,桃園市,27.0,良好,5.0
287,桃園,桃園市,26.0,良好,4.0
288,大同,臺北市,29.0,良好,4.0
289,松山,臺北市,25.0,良好,5.0
290,古亭,臺北市,26.0,良好,7.0
291,萬華,臺北市,26.0,良好,7.0
292,中山,臺北市,27.0,良好,5.0
293,士林,臺北市,27.0,良好,7.0
294,淡水,新北市,28.0,良好,8.0
295,林口,新北市,36.0,良好,11.0
296,菜寮,新北市,25.0,良好,5.0
297,新莊,新北市,27.0,良好,2.0
298,板橋,新北市,23.0,良好,3.0
299,土城,新北市,25.0,良好,4.0
300,新店,新北市,29.0,良好,9.0
301,萬里,新北市,35.0,良好,3.0
302,汐止,新北市,23.0,良好,5.0
303,基隆,基隆市,30.0,良好,4.0
304,竹山,南投縣,59.0,普通,19.0
305,中壢,桃園市,25.0,良好,3.0
306,三重,新北市,35.0,良好,5.0
307,冬山,宜蘭縣,32.0,良好,2.0
308,宜蘭,宜蘭縣,25.0,良好,3.0
309,陽明,臺北市,34.0,良好,1.0
310,花蓮,花蓮縣,31.0,良好,5.0
311,臺東,臺東縣,26.0,良好,3.0
312,恆春,屏東縣,36.0,良好,1.0
313,潮州,屏東縣,100.0,普通,33.0
314,屏東,屏東縣,108.0,不良(敏感族群),34.0
315,小港,高雄市,89.0,普通,31.0
316,前鎮,高雄市,79.0,普通,27.0
317,前金,高雄市,87.0,普通,30.0
318,左營,高雄市,118.0,不良(敏感族群),37.0
319,楠梓,高雄市,74.0,普通,25.0
320,林園,高雄市,91.0,普通,28.0
321,大寮,高雄市,82.0,普通,28.0
322,鳳山,高雄市,87.0,普通,30.0
323,仁武,高雄市,94.0,普通,33.0
324,橋頭,高雄市,74.0,普通,25.0
325,美濃,高雄市,99.0,普通,35.0
326,臺南,臺南市,59.0,普通,19.0
327,安南,臺南市,45.0,良好,14.0
328,善化,臺南市,57.0,普通,18.0
329,新營,臺南市,42.0,良好,13.0
330,嘉義,嘉義市,67.0,普通,22.0
331,臺西,雲林縣,45.0,良好,13.0
332,朴子,嘉義縣,49.0,良好,15.0
333,新港,嘉義縣,42.0,良好,13.0
334,崙背,雲林縣,52.0,普通,16.0
335,斗六,雲林縣,49.0,良好,15.0
336,南投,南投縣,59.0,普通,19.0
337,線西,彰化縣,39.0,良好,12.0
338,彰化,彰化縣,38.0,良好,9.0
339,西屯,臺中市,42.0,良好,10.0
340,忠明,臺中市,42.0,良好,7.0
341,大里,臺中市,44.0,良好,10.0
342,沙鹿,臺中市,36.0,良好,6.0
343,豐原,臺中市,41.0,良好,7.0
344,三義,苗栗縣,36.0,良好,4.0
345,苗栗,苗栗縣,29.0,良好,5.0
346,頭份,苗栗縣,31.0,良好,8.0
347,新竹,新竹市,27.0,良好,3.0
348,竹東,新竹縣,26.0,良好,8.0
349,湖口,新竹縣,31.0,良好,7.0
350,龍潭,桃園市,25.0,良好,4.0
351,平鎮,桃園市,28.0,良好,5.0
352,觀音,桃園市,26.0,良好,8.0
353,大園,桃園市,27.0,良好,5.0
354,桃園,桃園市,26.0,良好,4.0
355,松山,臺北市,25.0,良好,5.0
356,古亭,臺北市,26.0,良好,7.0
357,萬華,臺北市,26.0,良好,7.0
358,麥寮,雲林縣,49.0,良好,14.0
359,關山,臺東縣,27.0,良好,8.0
360,馬公,澎湖縣,36.0,良好,11.0
361,金門,金門縣,45.0,良好,14.0
362,馬祖,連江縣,72.0,普通,24.0
363,埔里,南投縣,64.0,普通,21.0
364,復興,高雄市,79.0,普通,27.0
365,永和,新北市,26.0,良好,3.0
366,二林,彰化縣,34.0,良好,5.0
367,大同,臺北市,29.0,良好,4.0
368,中山,臺北市,27.0,良好,5.0
369,士林,臺北市,27.0,良好,7.0
370,淡水,新北市,28.0,良好,8.0
371,林口,新北市,36.0,良好,11.0
372,菜寮,新北市,25.0,良好,5.0
373,新莊,新北市,27.0,良好,2.0
374,板橋,新北市,23.0,良好,3.0
375,土城,新北市,25.0,良好,4.0
376,新店,新北市,29.0,良好,9.0
377,萬里,新北市,36.0,良好,3.0
378,汐止,新北市,24.0,良好,6.0
379,基隆,基隆市,31.0,良好,4.0
380,汐止,新北市,25.0,良好,6.0
381,基隆,基隆市,31.0,良好,4.0
382,復興,高雄市,79.0,普通,27.0
383,永和,新北市,26.0,良好,3.0
384,竹山,南投縣,59.0,普通,19.0
385,中壢,桃園市,25.0,良好,3.0
386,三重,新北市,35.0,良好,5.0
387,冬山,宜蘭縣,32.0,良好,2.0
388,宜蘭,宜蘭縣,25.0,良好,3.0
389,陽明,臺北市,35.0,良好,1.0
390,花蓮,花蓮縣,31.0,良好,5.0
391,臺東,臺東縣,26.0,良好,3.0
392,恆春,屏東縣,36.0,良好,1.0
393,潮州,屏東縣,108.0,不良(敏感族群),33.0
394,屏東,屏東縣,110.0,不良(敏感族群),35.0
395,小港,高雄市,87.0,普通,30.0
396,前鎮,高雄市,79.0,普通,27.0
397,前金,高雄市,87.0,普通,30.0
398,左營,高雄市,123.0,不良(敏感族群),38.0
399,楠梓,高雄市,77.0,普通,26.0
400,林園,高雄市,94.0,普通,28.0
401,大寮,高雄市,82.0,普通,28.0
402,鳳山,高雄市,87.0,普通,30.0
403,仁武,高雄市,97.0,普通,33.0
404,橋頭,高雄市,78.0,普通,25.0
405,美濃,高雄市,99.0,普通,35.0
406,臺南,臺南市,57.0,普通,18.0
407,安南,臺南市,47.0,良好,13.0
408,善化,臺南市,57.0,普通,18.0
409,新營,臺南市,42.0,良好,13.0
410,嘉義,嘉義市,67.0,普通,22.0
411,臺西,雲林縣,46.0,良好,14.0
412,朴子,嘉義縣,49.0,良好,15.0
413,新港,嘉義縣,45.0,良好,14.0
414,崙背,雲林縣,52.0,普通,16.0
415,斗六,雲林縣,49.0,良好,15.0
416,南投,南投縣,62.0,普通,20.0
417,二林,彰化縣,35.0,良好,6.0
418,線西,彰化縣,39.0,良好,12.0
419,彰化,彰化縣,38.0,良好,9.0
420,西屯,臺中市,42.0,良好,10.0
421,忠明,臺中市,42.0,良好,8.0
422,大里,臺中市,44.0,良好,10.0
423,沙鹿,臺中市,36.0,良好,7.0
424,豐原,臺中市,42.0,良好,8.0
425,三義,苗栗縣,36.0,良好,5.0
426,苗栗,苗栗縣,29.0,良好,5.0
427,頭份,苗栗縣,31.0,良好,8.0
428,新竹,新竹市,27.0,良好,3.0
429,竹東,新竹縣,29.0,良好,9.0
430,湖口,新竹縣,31.0,良好,7.0
431,龍潭,桃園市,25.0,良好,4.0
432,平鎮,桃園市,28.0,良好,5.0
433,觀音,桃園市,26.0,良好,8.0
434,大園,桃園市,28.0,良好,5.0
435,桃園,桃園市,26.0,良好,4.0
436,大同,臺北市,29.0,良好,4.0
437,松山,臺北市,25.0,良好,5.0
438,古亭,臺北市,26.0,良好,7.0
439,萬華,臺北市,26.0,良好,7.0
440,中山,臺北市,27.0,良好,5.0
441,士林,臺北市,27.0,良好,8.0
442,淡水,新北市,29.0,良好,8.0
443,林口,新北市,39.0,良好,12.0
444,菜寮,新北市,25.0,良好,6.0
445,新莊,新北市,27.0,良好,2.0
446,板橋,新北市,23.0,良好,3.0
447,土城,新北市,25.0,良好,4.0
448,新店,新北市,29.0,良好,9.0
449,萬里,新北市,36.0,良好,3.0
450,麥寮,雲林縣,49.0,良好,14.0
451,關山,臺東縣,28.0,良好,8.0
452,馬公,澎湖縣,36.0,良好,11.0
453,金門,金門縣,49.0,良好,15.0
454,馬祖,連江縣,72.0,普通,24.0
455,埔里,南投縣,67.0,普通,22.0
456,臺東,臺東縣,26.0,良好,3.0
457,恆春,屏東縣,36.0,良好,1.0
458,潮州,屏東縣,108.0,不良(敏感族群),33.0
459,屏東,屏東縣,110.0,不良(敏感族群),35.0
460,小港,高雄市,84.0,普通,29.0
461,前鎮,高雄市,84.0,普通,26.0
462,前金,高雄市,87.0,普通,30.0
463,左營,高雄市,125.0,不良(敏感族群),38.0
464,楠梓,高雄市,77.0,普通,26.0
465,林園,高雄市,100.0,普通,28.0
466,大寮,高雄市,82.0,普通,28.0
467,鳳山,高雄市,87.0,普通,30.0
468,仁武,高雄市,97.0,普通,32.0
469,橋頭,高雄市,78.0,普通,25.0
470,美濃,高雄市,97.0,普通,34.0
471,臺南,臺南市,57.0,普通,18.0
472,安南,臺南市,49.0,良好,14.0
473,善化,臺南市,57.0,普通,18.0
474,新營,臺南市,42.0,良好,13.0
475,嘉義,嘉義市,67.0,普通,22.0
476,臺西,雲林縣,46.0,良好,14.0
477,朴子,嘉義縣,49.0,良好,15.0
478,新港,嘉義縣,45.0,良好,14.0
479,崙背,雲林縣,52.0,普通,16.0
480,斗六,雲林縣,49.0,良好,15.0
481,南投,南投縣,64.0,普通,21.0
482,二林,彰化縣,35.0,良好,6.0
483,線西,彰化縣,39.0,良好,12.0
484,彰化,彰化縣,38.0,良好,9.0
485,西屯,臺中市,50.0,良好,11.0
486,忠明,臺中市,44.0,良好,8.0
487,大里,臺中市,44.0,良好,11.0
488,沙鹿,臺中市,36.0,良好,7.0
489,豐原,臺中市,42.0,良好,8.0
490,三義,苗栗縣,36.0,良好,5.0
491,苗栗,苗栗縣,29.0,良好,6.0
492,頭份,苗栗縣,31.0,良好,8.0
493,新竹,新竹市,27.0,良好,3.0
494,竹東,新竹縣,29.0,良好,9.0
495,湖口,新竹縣,31.0,良好,7.0
496,龍潭,桃園市,25.0,良好,4.0
497,平鎮,桃園市,28.0,良好,5.0
498,觀音,桃園市,29.0,良好,9.0
499,大園,桃園市,30.0,良好,5.0
500,桃園,桃園市,26.0,良好,4.0
501,大同,臺北市,29.0,良好,4.0
502,松山,臺北市,25.0,良好,5.0
503,古亭,臺北市,26.0,良好,8.0
504,萬華,臺北市,26.0,良好,7.0
505,中山,臺北市,27.0,良好,5.0
506,士林,臺北市,27.0,良好,8.0
507,淡水,新北市,29.0,良好,8.0
508,林口,新北市,39.0,良好,12.0
509,菜寮,新北市,25.0,良好,6.0
510,新莊,新北市,27.0,良好,2.0
511,板橋,新北市,23.0,良好,3.0
512,土城,新北市,25.0,良好,4.0
513,新店,新北市,32.0,良好,10.0
514,萬里,新北市,36.0,良好,4.0
515,汐止,新北市,25.0,良好,6.0
516,基隆,基隆市,31.0,良好,4.0
517,麥寮,雲林縣,49.0,良好,15.0
518,關山,臺東縣,29.0,良好,8.0
519,馬公,澎湖縣,36.0,良好,11.0
520,金門,金門縣,49.0,良好,15.0
521,馬祖,連江縣,72.0,普通,24.0
522,埔里,南投縣,69.0,普通,23.0
523,復興,高雄市,77.0,普通,26.0
524,永和,新北市,26.0,良好,3.0
525,竹山,南投縣,59.0,普通,19.0
526,中壢,桃園市,25.0,良好,3.0
527,三重,新北市,35.0,良好,5.0
528,冬山,宜蘭縣,32.0,良好,2.0
529,宜蘭,宜蘭縣,26.0,良好,3.0
530,陽明,臺北市,35.0,良好,1.0
531,花蓮,花蓮縣,31.0,良好,6.0
532,麥寮,雲林縣,50.0,良好,15.0
533,關山,臺東縣,29.0,良好,8.0
534,馬公,澎湖縣,36.0,良好,11.0
535,金門,金門縣,49.0,良好,15.0
536,馬祖,連江縣,74.0,普通,25.0
537,埔里,南投縣,69.0,普通,23.0
538,復興,高雄市,77.0,普通,26.0
539,永和,新北市,25.0,良好,3.0
540,竹山,南投縣,62.0,普通,20.0
541,中壢,桃園市,26.0,良好,3.0
542,三重,新北市,35.0,良好,5.0
543,冬山,宜蘭縣,32.0,良好,2.0
544,宜蘭,宜蘭縣,26.0,良好,3.0
545,陽明,臺北市,35.0,良好,1.0
546,恆春,屏東縣,36.0,良好,1.0
547,潮州,屏東縣,108.0,不良(敏感族群),34.0
548,屏東,屏東縣,110.0,不良(敏感族群),35.0
549,小港,高雄市,84.0,普通,29.0
550,前鎮,高雄市,84.0,普通,25.0
551,前金,高雄市,84.0,普通,29.0
552,左營,高雄市,125.0,不良(敏感族群),39.0
553,楠梓,高雄市,77.0,普通,26.0
554,林園,高雄市,100.0,普通,28.0
555,大寮,高雄市,79.0,普通,27.0
556,鳳山,高雄市,84.0,普通,29.0
557,仁武,高雄市,97.0,普通,32.0
558,橋頭,高雄市,78.0,普通,24.0
559,美濃,高雄市,97.0,普通,34.0
560,臺南,臺南市,57.0,普通,18.0
561,安南,臺南市,49.0,良好,14.0
562,善化,臺南市,57.0,普通,18.0
563,新營,臺南市,45.0,良好,14.0
564,嘉義,嘉義市,69.0,普通,23.0
565,臺西,雲林縣,46.0,良好,14.0
566,朴子,嘉義縣,49.0,良好,15.0
567,新港,嘉義縣,45.0,良好,14.0
568,崙背,雲林縣,52.0,普通,16.0
569,斗六,雲林縣,49.0,良好,15.0
570,南投,南投縣,67.0,普通,22.0
571,二林,彰化縣,35.0,良好,7.0
572,線西,彰化縣,42.0,良好,13.0
573,彰化,彰化縣,38.0,良好,9.0
574,西屯,臺中市,51.0,普通,12.0
575,忠明,臺中市,47.0,良好,9.0
576,大里,臺中市,44.0,良好,11.0
577,沙鹿,臺中市,41.0,良好,8.0
578,豐原,臺中市,42.0,良好,9.0
579,三義,苗栗縣,36.0,良好,5.0
580,苗栗,苗栗縣,30.0,良好,6.0
581,頭份,苗栗縣,31.0,良好,8.0
582,新竹,新竹市,27.0,良好,3.0
583,竹東,新竹縣,32.0,良好,10.0
584,湖口,新竹縣,31.0,良好,7.0
585,龍潭,桃園市,25.0,良好,4.0
586,平鎮,桃園市,28.0,良好,5.0
587,觀音,桃園市,32.0,良好,10.0
588,大園,桃園市,30.0,良好,6.0
589,桃園,桃園市,26.0,良好,3.0
590,松山,臺北市,23.0,良好,6.0
591,古亭,臺北市,26.0,良好,8.0
592,萬華,臺北市,26.0,良好,7.0
593,中山,臺北市,27.0,良好,5.0
594,士林,臺北市,29.0,良好,9.0
595,淡水,新北市,29.0,良好,8.0
596,林口,新北市,39.0,良好,12.0
597,菜寮,新北市,25.0,良好,6.0
598,新莊,新北市,27.0,良好,2.0
599,板橋,新北市,23.0,良好,4.0
600,土城,新北市,25.0,良好,4.0
601,新店,新北市,32.0,良好,10.0
602,萬里,新北市,36.0,良好,4.0
603,汐止,新北市,25.0,良好,6.0
604,基隆,基隆市,31.0,良好,4.0
605,花蓮,花蓮縣,31.0,良好,6.0
606,臺東,臺東縣,26.0,良好,3.0
607,大同,臺北市,29.0,良好,4.0
608,馬祖,連江縣,72.0,普通,24.0
609,埔里,南投縣,72.0,普通,24.0
610,復興,高雄市,74.0,普通,25.0
611,永和,新北市,25.0,良好,3.0
612,竹山,南投縣,64.0,普通,21.0
613,中壢,桃園市,26.0,良好,3.0
614,三重,新北市,34.0,良好,5.0
615,冬山,宜蘭縣,32.0,良好,2.0
616,宜蘭,宜蘭縣,27.0,良好,3.0
617,陽明,臺北市,35.0,良好,1.0
618,花蓮,花蓮縣,31.0,良好,6.0
619,臺東,臺東縣,26.0,良好,3.0
620,恆春,屏東縣,36.0,良好,1.0
621,潮州,屏東縣,108.0,不良(敏感族群),34.0
622,屏東,屏東縣,110.0,不良(敏感族群),35.0
623,小港,高雄市,82.0,普通,28.0
624,前鎮,高雄市,84.0,普通,25.0
625,前金,高雄市,84.0,普通,29.0
626,左營,高雄市,125.0,不良(敏感族群),38.0
627,楠梓,高雄市,79.0,普通,27.0
628,林園,高雄市,100.0,普通,29.0
629,大寮,高雄市,79.0,普通,27.0
630,鳳山,高雄市,84.0,普通,29.0
631,仁武,高雄市,97.0,普通,31.0
632,橋頭,高雄市,78.0,普通,24.0
633,美濃,高雄市,97.0,普通,34.0
634,臺南,臺南市,57.0,普通,18.0
635,安南,臺南市,49.0,良好,14.0
636,善化,臺南市,57.0,普通,18.0
637,嘉義,嘉義市,69.0,普通,23.0
638,臺西,雲林縣,49.0,良好,15.0
639,朴子,嘉義縣,49.0,良好,15.0
640,新港,嘉義縣,49.0,良好,15.0
641,崙背,雲林縣,54.0,普通,17.0
642,斗六,雲林縣,49.0,良好,15.0
643,南投,南投縣,69.0,普通,23.0
644,二林,彰化縣,35.0,良好,7.0
645,線西,彰化縣,42.0,良好,13.0
646,彰化,彰化縣,38.0,良好,9.0
647,西屯,臺中市,51.0,普通,12.0
648,忠明,臺中市,47.0,良好,9.0
649,大里,臺中市,44.0,良好,12.0
650,沙鹿,臺中市,46.0,良好,9.0
651,豐原,臺中市,42.0,良好,10.0
652,三義,苗栗縣,36.0,良好,6.0
653,苗栗,苗栗縣,30.0,良好,6.0
654,頭份,苗栗縣,31.0,良好,8.0
655,新竹,新竹市,27.0,良好,3.0
656,竹東,新竹縣,32.0,良好,10.0
657,湖口,新竹縣,31.0,良好,8.0
658,龍潭,桃園市,25.0,良好,4.0
659,平鎮,桃園市,28.0,良好,5.0
660,觀音,桃園市,32.0,良好,10.0
661,麥寮,雲林縣,51.0,普通,15.0
662,關山,臺東縣,29.0,良好,8.0
663,馬公,澎湖縣,39.0,良好,12.0
664,金門,金門縣,49.0,良好,15.0
665,新營,臺南市,45.0,良好,14.0
666,大園,桃園市,30.0,良好,6.0
667,桃園,桃園市,26.0,良好,3.0
668,大同,臺北市,29.0,良好,4.0
669,松山,臺北市,23.0,良好,5.0
670,古亭,臺北市,26.0,良好,8.0
671,萬華,臺北市,26.0,良好,7.0
672,中山,臺北市,27.0,良好,5.0
673,士林,臺北市,29.0,良好,9.0
674,淡水,新北市,29.0,良好,8.0
675,林口,新北市,39.0,良好,12.0
676,菜寮,新北市,25.0,良好,6.0
677,新莊,新北市,27.0,良好,2.0
678,板橋,新北市,23.0,良好,4.0
679,土城,新北市,25.0,良好,4.0
680,新店,新北市,32.0,良好,10.0
681,萬里,新北市,36.0,良好,4.0
682,汐止,新北市,25.0,良好,5.0
683,基隆,基隆市,31.0,良好,4.0
684,金門,金門縣,49.0,良好,15.0
685,馬祖,連江縣,72.0,普通,24.0
686,埔里,南投縣,72.0,普通,24.0
687,復興,高雄市,74.0,普通,25.0
688,永和,新北市,24.0,良好,3.0
689,竹山,南投縣,67.0,普通,22.0
690,中壢,桃園市,27.0,良好,3.0
691,三重,新北市,34.0,良好,5.0
692,冬山,宜蘭縣,32.0,良好,2.0
693,宜蘭,宜蘭縣,27.0,良好,3.0
694,陽明,臺北市,35.0,良好,1.0
695,花蓮,花蓮縣,31.0,良好,7.0
696,臺東,臺東縣,26.0,良好,3.0
697,恆春,屏東縣,36.0,良好,1.0
698,潮州,屏東縣,108.0,不良(敏感族群),34.0
699,屏東,屏東縣,110.0,不良(敏感族群),34.0
700,小港,高雄市,82.0,普通,28.0
701,前鎮,高雄市,84.0,普通,25.0
702,前金,高雄市,82.0,普通,28.0
703,左營,高雄市,125.0,不良(敏感族群),38.0
704,楠梓,高雄市,79.0,普通,27.0
705,林園,高雄市,100.0,普通,29.0
706,大寮,高雄市,79.0,普通,27.0
707,鳳山,高雄市,82.0,普通,28.0
708,仁武,高雄市,97.0,普通,31.0
709,橋頭,高雄市,78.0,普通,24.0
710,美濃,高雄市,97.0,普通,34.0
711,臺南,臺南市,59.0,普通,19.0
712,安南,臺南市,49.0,良好,14.0
713,善化,臺南市,57.0,普通,18.0
714,新營,臺南市,49.0,良好,15.0
715,嘉義,嘉義市,69.0,普通,23.0
716,臺西,雲林縣,49.0,良好,15.0
717,朴子,嘉義縣,52.0,普通,16.0
718,新港,嘉義縣,52.0,普通,16.0
719,崙背,雲林縣,54.0,普通,17.0
720,斗六,雲林縣,49.0,良好,15.0
721,南投,南投縣,72.0,普通,24.0
722,二林,彰化縣,35.0,良好,8.0
723,線西,彰化縣,45.0,良好,14.0
724,彰化,彰化縣,38.0,良好,10.0
725,西屯,臺中市,51.0,普通,12.0
726,忠明,臺中市,47.0,良好,10.0
727,大里,臺中市,44.0,良好,13.0
728,沙鹿,臺中市,46.0,良好,10.0
729,豐原,臺中市,42.0,良好,12.0
730,三義,苗栗縣,36.0,良好,7.0
731,苗栗,苗栗縣,30.0,良好,7.0
732,頭份,苗栗縣,31.0,良好,8.0
733,新竹,新竹市,27.0,良好,3.0
734,竹東,新竹縣,32.0,良好,10.0
735,湖口,新竹縣,31.0,良好,8.0
736,龍潭,桃園市,25.0,良好,5.0
737,平鎮,桃園市,28.0,良好,5.0
738,觀音,桃園市,32.0,良好,10.0
739,大園,桃園市,30.0,良好,6.0
740,桃園,桃園市,26.0,良好,3.0
741,麥寮,雲林縣,51.0,普通,15.0
742,關山,臺東縣,29.0,良好,8.0
743,馬公,澎湖縣,36.0,良好,11.0
744,大同,臺北市,29.0,良好,4.0
745,松山,臺北市,23.0,良好,5.0
746,古亭,臺北市,26.0,良好,8.0
747,萬華,臺北市,26.0,良好,8.0
748,中山,臺北市,27.0,良好,5.0
749,士林,臺北市,28.0,良好,8.0
750,淡水,新北市,29.0,良好,8.0
751,林口,新北市,39.0,良好,12.0
752,菜寮,新北市,25.0,良好,6.0
753,新莊,新北市,27.0,良好,2.0
754,板橋,新北市,23.0,良好,4.0
755,土城,新北市,25.0,良好,4.0
756,新店,新北市,32.0,良好,10.0
757,萬里,新北市,36.0,良好,4.0
758,汐止,新北市,26.0,良好,5.0
759,基隆,基隆市,31.0,良好,4.0
760,麥寮,雲林縣,52.0,普通,15.0
761,關山,臺東縣,29.0,良好,7.0
762,三重,新北市,34.0,良好,5.0
763,冬山,宜蘭縣,32.0,良好,2.0
764,宜蘭,宜蘭縣,28.0,良好,3.0
765,陽明,臺北市,35.0,良好,1.0
766,花蓮,花蓮縣,31.0,良好,7.0
767,臺東,臺東縣,26.0,良好,3.0
768,恆春,屏東縣,36.0,良好,1.0
769,潮州,屏東縣,108.0,不良(敏感族群),35.0
770,屏東,屏東縣,110.0,不良(敏感族群),34.0
771,小港,高雄市,79.0,普通,27.0
772,前鎮,高雄市,84.0,普通,23.0
773,前金,高雄市,79.0,普通,27.0
774,左營,高雄市,125.0,不良(敏感族群),38.0
775,楠梓,高雄市,79.0,普通,27.0
776,林園,高雄市,100.0,普通,29.0
777,大寮,高雄市,79.0,普通,27.0
778,鳳山,高雄市,82.0,普通,28.0
779,仁武,高雄市,97.0,普通,31.0
780,橋頭,高雄市,78.0,普通,24.0
781,美濃,高雄市,97.0,普通,34.0
782,臺南,臺南市,59.0,普通,19.0
783,安南,臺南市,49.0,良好,15.0
784,善化,臺南市,57.0,普通,18.0
785,新營,臺南市,49.0,良好,15.0
786,嘉義,嘉義市,69.0,普通,23.0
787,臺西,雲林縣,52.0,普通,16.0
788,朴子,嘉義縣,52.0,普通,16.0
789,新港,嘉義縣,52.0,普通,16.0
790,崙背,雲林縣,54.0,普通,17.0
791,斗六,雲林縣,52.0,普通,16.0
792,南投,南投縣,74.0,普通,25.0
793,二林,彰化縣,35.0,良好,8.0
794,線西,彰化縣,49.0,良好,15.0
795,彰化,彰化縣,38.0,良好,10.0
796,西屯,臺中市,51.0,普通,13.0
797,忠明,臺中市,47.0,良好,11.0
798,大里,臺中市,45.0,良好,14.0
799,沙鹿,臺中市,46.0,良好,11.0
800,豐原,臺中市,42.0,良好,13.0
801,三義,苗栗縣,36.0,良好,8.0
802,苗栗,苗栗縣,30.0,良好,7.0
803,頭份,苗栗縣,31.0,良好,9.0
804,新竹,新竹市,27.0,良好,3.0
805,竹東,新竹縣,36.0,良好,11.0
806,湖口,新竹縣,31.0,良好,8.0
807,龍潭,桃園市,25.0,良好,5.0
808,平鎮,桃園市,28.0,良好,5.0
809,觀音,桃園市,32.0,良好,10.0
810,大園,桃園市,31.0,良好,5.0
811,馬公,澎湖縣,36.0,良好,11.0
812,金門,金門縣,49.0,良好,15.0
813,馬祖,連江縣,69.0,普通,23.0
814,埔里,南投縣,74.0,普通,25.0
815,復興,高雄市,72.0,普通,24.0
816,永和,新北市,23.0,良好,3.0
817,竹山,南投縣,69.0,普通,23.0
818,中壢,桃園市,28.0,良好,3.0
819,土城,新北市,25.0,良好,4.0
820,新店,新北市,32.0,良好,10.0
821,萬里,新北市,36.0,良好,4.0
822,汐止,新北市,26.0,良好,6.0
823,基隆,基隆市,31.0,良好,5.0
824,桃園,桃園市,26.0,良好,3.0
825,大同,臺北市,29.0,良好,4.0
826,松山,臺北市,23.0,良好,5.0
827,古亭,臺北市,26.0,良好,8.0
828,萬華,臺北市,26.0,良好,8.0
829,中山,臺北市,27.0,良好,5.0
830,士林,臺北市,29.0,良好,8.0
831,淡水,新北市,30.0,良好,8.0
832,林口,新北市,39.0,良好,12.0
833,菜寮,新北市,25.0,良好,6.0
834,新莊,新北市,27.0,良好,2.0
835,板橋,新北市,23.0,良好,5.0
836,金門,金門縣,49.0,良好,15.0
837,馬祖,連江縣,69.0,普通,23.0
838,埔里,南投縣,77.0,普通,26.0
839,復興,高雄市,69.0,普通,23.0
840,永和,新北市,23.0,良好,4.0
841,竹山,南投縣,72.0,普通,24.0
842,中壢,桃園市,28.0,良好,3.0
843,三重,新北市,34.0,良好,5.0
844,冬山,宜蘭縣,32.0,良好,2.0
845,宜蘭,宜蘭縣,28.0,良好,3.0
846,陽明,臺北市,35.0,良好,1.0
847,花蓮,花蓮縣,31.0,良好,7.0
848,臺東,臺東縣,26.0,良好,3.0
849,恆春,屏東縣,36.0,良好,1.0
850,潮州,屏東縣,108.0,不良(敏感族群),35.0
851,屏東,屏東縣,110.0,不良(敏感族群),34.0
852,小港,高雄市,82.0,普通,28.0
853,前鎮,高雄市,84.0,普通,23.0
854,前金,高雄市,79.0,普通,27.0
855,左營,高雄市,125.0,不良(敏感族群),38.0
856,楠梓,高雄市,79.0,普通,27.0
857,林園,高雄市,100.0,普通,29.0
858,大寮,高雄市,79.0,普通,27.0
859,鳳山,高雄市,82.0,普通,28.0
860,仁武,高雄市,97.0,普通,31.0
861,橋頭,高雄市,78.0,普通,25.0
862,美濃,高雄市,94.0,普通,33.0
863,臺南,臺南市,59.0,普通,19.0
864,安南,臺南市,49.0,良好,15.0
865,善化,臺南市,57.0,普通,18.0
866,新營,臺南市,49.0,良好,15.0
867,嘉義,嘉義市,69.0,普通,23.0
868,臺西,雲林縣,52.0,普通,16.0
869,朴子,嘉義縣,52.0,普通,16.0
870,新港,嘉義縣,52.0,普通,16.0
871,崙背,雲林縣,54.0,普通,17.0
872,斗六,雲林縣,54.0,普通,17.0
873,南投,南投縣,77.0,普通,26.0
874,二林,彰化縣,35.0,良好,9.0
875,線西,彰化縣,54.0,普通,17.0
876,彰化,彰化縣,38.0,良好,11.0
877,西屯,臺中市,51.0,普通,14.0
878,忠明,臺中市,47.0,良好,12.0
879,大里,臺中市,49.0,良好,15.0
880,沙鹿,臺中市,46.0,良好,13.0
881,豐原,臺中市,49.0,良好,15.0
882,三義,苗栗縣,36.0,良好,9.0
883,苗栗,苗栗縣,30.0,良好,7.0
884,頭份,苗栗縣,31.0,良好,9.0
885,新竹,新竹市,27.0,良好,3.0
886,竹東,新竹縣,36.0,良好,11.0
887,湖口,新竹縣,31.0,良好,8.0
888,龍潭,桃園市,26.0,良好,5.0
889,平鎮,桃園市,28.0,良好,6.0
890,觀音,桃園市,30.0,良好,9.0
891,大園,桃園市,31.0,良好,6.0
892,桃園,桃園市,26.0,良好,3.0
893,大同,臺北市,29.0,良好,4.0
894,松山,臺北市,23.0,良好,5.0
895,古亭,臺北市,26.0,良好,8.0
896,萬華,臺北市,26.0,良好,8.0
897,中山,臺北市,27.0,良好,6.0
898,士林,臺北市,30.0,良好,8.0
899,淡水,新北市,30.0,良好,8.0
900,林口,新北市,39.0,良好,12.0
901,菜寮,新北市,25.0,良好,6.0
902,新莊,新北市,27.0,良好,2.0
903,板橋,新北市,23.0,良好,5.0
904,土城,新北市,25.0,良好,4.0
905,麥寮,雲林縣,52.0,普通,16.0
906,關山,臺東縣,29.0,良好,7.0
907,馬公,澎湖縣,39.0,良好,12.0
908,新店,新北市,32.0,良好,10.0
909,萬里,新北市,36.0,良好,4.0
910,汐止,新北市,28.0,良好,6.0
911,基隆,基隆市,31.0,良好,5.0
912,麥寮,雲林縣,52.0,普通,16.0
913,關山,臺東縣,23.0,良好,7.0
914,馬公,澎湖縣,39.0,良好,12.0
915,金門,金門縣,49.0,良好,15.0
916,馬祖,連江縣,67.0,普通,22.0
917,埔里,南投縣,79.0,普通,27.0
918,復興,高雄市,69.0,普通,23.0
919,永和,新北市,23.0,良好,4.0
920,竹山,南投縣,74.0,普通,25.0
921,花蓮,花蓮縣,26.0,良好,8.0
922,臺東,臺東縣,17.0,良好,3.0
923,恆春,屏東縣,12.0,良好,1.0
924,潮州,屏東縣,99.0,普通,35.0
925,屏東,屏東縣,97.0,普通,34.0
926,小港,高雄市,82.0,普通,28.0
927,前鎮,高雄市,67.0,普通,22.0
928,前金,高雄市,79.0,普通,27.0
929,左營,高雄市,106.0,不良(敏感族群),39.0
930,楠梓,高雄市,79.0,普通,27.0
931,林園,高雄市,87.0,普通,30.0
932,大寮,高雄市,79.0,普通,27.0
933,鳳山,高雄市,82.0,普通,28.0
934,仁武,高雄市,94.0,普通,33.0
935,橋頭,高雄市,77.0,普通,26.0
936,美濃,高雄市,94.0,普通,33.0
937,臺南,臺南市,59.0,普通,19.0
938,安南,臺南市,49.0,良好,15.0
939,善化,臺南市,57.0,普通,18.0
940,新營,臺南市,49.0,良好,15.0
941,嘉義,嘉義市,67.0,普通,22.0
942,臺西,雲林縣,54.0,普通,17.0
943,朴子,嘉義縣,54.0,普通,17.0
944,新港,嘉義縣,52.0,普通,16.0
945,崙背,雲林縣,54.0,普通,17.0
946,斗六,雲林縣,57.0,普通,18.0
947,南投,南投縣,77.0,普通,26.0
948,二林,彰化縣,36.0,良好,9.0
949,線西,彰化縣,57.0,普通,18.0
950,彰化,彰化縣,39.0,良好,12.0
951,西屯,臺中市,52.0,普通,16.0
952,忠明,臺中市,47.0,良好,14.0
953,大里,臺中市,52.0,普通,16.0
954,沙鹿,臺中市,49.0,良好,15.0
955,豐原,臺中市,54.0,普通,17.0
956,三義,苗栗縣,32.0,良好,10.0
957,苗栗,苗栗縣,30.0,良好,8.0
958,頭份,苗栗縣,29.0,良好,9.0
959,新竹,新竹市,24.0,良好,3.0
960,竹東,新竹縣,36.0,良好,11.0
961,湖口,新竹縣,23.0,良好,7.0
962,龍潭,桃園市,26.0,良好,5.0
963,平鎮,桃園市,19.0,良好,6.0
964,觀音,桃園市,30.0,良好,9.0
965,大園,桃園市,30.0,良好,6.0
966,桃園,桃園市,17.0,良好,3.0
967,大同,臺北市,29.0,良好,4.0
968,松山,臺北市,23.0,良好,5.0
969,古亭,臺北市,26.0,良好,8.0
970,萬華,臺北市,26.0,良好,8.0
971,中山,臺北市,27.0,良好,6.0
972,士林,臺北市,26.0,良好,8.0
973,淡水,新北市,26.0,良好,8.0
974,林口,新北市,39.0,良好,12.0
975,菜寮,新北市,19.0,良好,6.0
976,新莊,新北市,15.0,良好,2.0
977,板橋,新北市,23.0,良好,5.0
978,土城,新北市,18.0,良好,4.0
979,新店,新北市,32.0,良好,10.0
980,萬里,新北市,31.0,良好,4.0
981,汐止,新北市,19.0,良好,6.0
982,基隆,基隆市,16.0,良好,5.0
983,中壢,桃園市,28.0,良好,4.0
984,三重,新北市,34.0,良好,4.0
985,冬山,宜蘭縣,32.0,良好,2.0
986,宜蘭,宜蘭縣,16.0,良好,3.0
987,陽明,臺北市,12.0,良好,1.0
988,復興,高雄市,69.0,普通,23.0
989,永和,新北市,23.0,良好,4.0
990,竹山,南投縣,77.0,普通,26.0
991,中壢,桃園市,28.0,良好,4.0
992,三重,新北市,34.0,良好,4.0
993,冬山,宜蘭縣,32.0,良好,2.0
994,宜蘭,宜蘭縣,16.0,良好,3.0
995,陽明,臺北市,12.0,良好,1.0
996,花蓮,花蓮縣,26.0,良好,8.0
997,臺東,臺東縣,17.0,良好,3.0
998,潮州,屏東縣,99.0,普通,35.0
999,屏東,屏東縣,97.0,普通,34.0
